ecosystem	name	version	scope	licence
go/judge-go	github.com/cespare/xxhash/v2	v2.3.0	indirect	UNKNOWN
go/judge-go	github.com/dustin/go-humanize	v1.0.1	indirect	UNKNOWN
go/judge-go	github.com/google/uuid	v1.6.0	indirect	UNKNOWN
go/judge-go	github.com/klauspost/compress	v1.19.2	indirect	UNKNOWN
go/judge-go	github.com/klauspost/cpuid/v2	v2.4.0	indirect	UNKNOWN
go/judge-go	github.com/klauspost/crc32	v1.3.0	indirect	UNKNOWN
go/judge-go	github.com/minio/crc64nvme	v1.1.1	indirect	UNKNOWN
go/judge-go	github.com/minio/md5-simd	v1.1.2	indirect	UNKNOWN
go/judge-go	github.com/minio/minio-go/v7	v7.3.0	direct	UNKNOWN
go/judge-go	github.com/philhofer/fwd	v1.2.0	indirect	UNKNOWN
go/judge-go	github.com/redis/go-redis/v9	v9.22.0	direct	UNKNOWN
go/judge-go	github.com/rs/xid	v1.6.0	indirect	UNKNOWN
go/judge-go	github.com/tinylib/msgp	v1.6.4	indirect	UNKNOWN
go/judge-go	github.com/zeebo/xxh3	v1.1.0	indirect	UNKNOWN
go/judge-go	go.uber.org/atomic	v1.11.0	indirect	UNKNOWN
go/judge-go	go.yaml.in/yaml/v3	v3.0.5	indirect	UNKNOWN
go/judge-go	golang.org/x/crypto	v0.55.0	indirect	UNKNOWN
go/judge-go	golang.org/x/net	v0.58.0	indirect	UNKNOWN
go/judge-go	golang.org/x/sys	v0.47.0	indirect	UNKNOWN
go/judge-go	golang.org/x/text	v0.41.0	indirect	UNKNOWN
go/judge-go	gopkg.in/ini.v1	v1.67.3	indirect	UNKNOWN
node/e2e	@playwright/test	1.63.0	dev	Apache-2.0
node/e2e	playwright	1.63.0	dev	Apache-2.0
node/e2e	playwright-core	1.63.0	dev	Apache-2.0
node/web	@alloc/quick-lru	5.3.0	dev	MIT
node/web	@babel/code-frame	7.29.7	dev	MIT
node/web	@babel/compat-data	7.29.7	dev	MIT
node/web	@babel/core	7.29.7	dev	MIT
node/web	@babel/generator	7.29.8	dev	MIT
node/web	@babel/helper-compilation-targets	7.29.7	dev	MIT
node/web	@babel/helper-globals	7.29.7	dev	MIT
node/web	@babel/helper-module-imports	7.29.7	dev	MIT
node/web	@babel/helper-module-transforms	7.29.7	dev	MIT
node/web	@babel/helper-string-parser	7.29.7	dev	MIT
node/web	@babel/helper-validator-identifier	7.29.7	dev	MIT
node/web	@babel/helper-validator-option	7.29.7	dev	MIT
node/web	@babel/helpers	7.29.7	dev	MIT
node/web	@babel/parser	7.29.8	dev	MIT
node/web	@babel/template	7.29.7	dev	MIT
node/web	@babel/traverse	7.29.8	dev	MIT
node/web	@babel/types	7.29.8	dev	MIT
node/web	@cacheable/memory	2.2.0	dev	MIT
node/web	@cacheable/utils	2.5.0	dev	MIT
node/web	@emnapi/runtime	1.11.3	runtime	MIT
node/web	@eslint-community/eslint-utils	4.10.1	dev	MIT
node/web	@eslint-community/eslint-utils	4.9.1	dev	MIT
node/web	@eslint-community/regexpp	4.12.2	dev	MIT
node/web	@eslint/config-array	0.23.5	dev	Apache-2.0
node/web	@eslint/config-helpers	0.7.0	dev	Apache-2.0
node/web	@eslint/core	1.2.1	dev	Apache-2.0
node/web	@eslint/object-schema	3.0.5	dev	Apache-2.0
node/web	@eslint/plugin-kit	0.7.3	dev	Apache-2.0
node/web	@floating-ui/core	1.8.0	runtime	MIT
node/web	@floating-ui/dom	1.8.0	runtime	MIT
node/web	@floating-ui/react	0.26.28	runtime	MIT
node/web	@floating-ui/react-dom	2.1.9	runtime	MIT
node/web	@floating-ui/utils	0.2.12	runtime	MIT
node/web	@headlessui/react	2.2.10	runtime	MIT
node/web	@humanfs/core	0.19.2	dev	Apache-2.0
node/web	@humanfs/node	0.16.8	dev	Apache-2.0
node/web	@humanfs/types	0.15.0	dev	Apache-2.0
node/web	@humanwhocodes/module-importer	1.0.1	dev	Apache-2.0
node/web	@humanwhocodes/retry	0.4.3	dev	Apache-2.0
node/web	@img/colour	1.1.0	runtime	MIT
node/web	@img/sharp-wasm32	0.35.4	runtime	Apache-2.0 AND LGPL-3.0-or-later AND MIT
node/web	@img/sharp-win32-x64	0.35.4	runtime	Apache-2.0 AND LGPL-3.0-or-later
node/web	@internationalized/date	3.12.4	runtime	Apache-2.0
node/web	@internationalized/number	3.6.8	runtime	Apache-2.0
node/web	@internationalized/string	3.2.10	runtime	Apache-2.0
node/web	@jridgewell/gen-mapping	0.3.13	dev	MIT
node/web	@jridgewell/remapping	2.3.5	dev	MIT
node/web	@jridgewell/resolve-uri	3.1.2	dev	MIT
node/web	@jridgewell/sourcemap-codec	1.6.0	dev	MIT
node/web	@jridgewell/trace-mapping	0.3.31	dev	MIT
node/web	@keyv/bigmap	1.3.1	dev	MIT
node/web	@keyv/serialize	1.1.1	dev	MIT
node/web	@monaco-editor/loader	1.7.0	runtime	MIT
node/web	@monaco-editor/react	4.7.0	runtime	MIT
node/web	@next/env	16.3.5	runtime	MIT
node/web	@next/eslint-plugin-next	16.3.5	dev	MIT
node/web	@next/swc-win32-x64-msvc	16.3.5	runtime	MIT
node/web	@nodelib/fs.scandir	2.1.5	dev	MIT
node/web	@nodelib/fs.stat	2.0.5	dev	MIT
node/web	@nodelib/fs.walk	1.2.8	dev	MIT
node/web	@nolyfill/is-core-module	1.0.39	dev	MIT
node/web	@oxc-project/types	0.151.0	dev	MIT
node/web	@rankwant/shared	?	runtime	UNKNOWN
node/web	@react-aria/focus	3.22.1	runtime	Apache-2.0
node/web	@react-aria/interactions	3.28.1	runtime	Apache-2.0
node/web	@react-types/shared	3.36.1	runtime	Apache-2.0
node/web	@redocly/ajv	8.11.2	dev	MIT
node/web	@redocly/config	0.22.0	dev	MIT
node/web	@redocly/openapi-core	1.34.20	dev	MIT
node/web	@rolldown/binding-android-arm-eabi	1.2.10	dev	MIT
node/web	@rolldown/binding-android-arm64	1.2.10	dev	MIT
node/web	@rolldown/binding-darwin-arm64	1.2.10	dev	MIT
node/web	@rolldown/binding-darwin-x64	1.2.10	dev	MIT
node/web	@rolldown/binding-freebsd-x64	1.2.10	dev	MIT
node/web	@rolldown/binding-linux-arm-gnueabihf	1.2.10	dev	MIT
node/web	@rolldown/binding-linux-arm64-gnu	1.2.10	dev	MIT
node/web	@rolldown/binding-linux-arm64-musl	1.2.10	dev	MIT
node/web	@rolldown/binding-linux-ppc64-gnu	1.2.10	dev	MIT
node/web	@rolldown/binding-linux-s390x-gnu	1.2.10	dev	MIT
node/web	@rolldown/binding-linux-x64-gnu	1.2.10	dev	MIT
node/web	@rolldown/binding-linux-x64-musl	1.2.10	dev	MIT
node/web	@rolldown/binding-openharmony-arm64	1.2.10	dev	MIT
node/web	@rolldown/binding-win32-arm64-msvc	1.2.10	dev	MIT
node/web	@rolldown/binding-win32-x64-msvc	1.2.10	dev	MIT
node/web	@rolldown/pluginutils	1.0.1	dev	MIT
node/web	@rtsao/scc	1.1.0	dev	MIT
node/web	@swc/helpers	0.5.23	runtime	Apache-2.0
node/web	@tailwindcss/node	4.3.3	dev	MIT
node/web	@tailwindcss/oxide	4.3.3	dev	MIT
node/web	@tailwindcss/oxide-win32-x64-msvc	4.3.3	dev	MIT
node/web	@tailwindcss/postcss	4.3.3	dev	MIT
node/web	@tanstack/react-virtual	3.14.12	runtime	MIT
node/web	@tanstack/virtual-core	3.17.10	runtime	MIT
node/web	@types/chai	5.2.3	dev	MIT
node/web	@types/debug	4.1.13	runtime	MIT
node/web	@types/deep-eql	4.0.2	dev	MIT
node/web	@types/esrecurse	4.3.1	dev	MIT
node/web	@types/estree	1.0.9	runtime	MIT
node/web	@types/estree-jsx	1.0.5	runtime	MIT
node/web	@types/hast	3.0.5	runtime	MIT
node/web	@types/json-schema	7.0.15	dev	MIT
node/web	@types/json5	0.0.29	dev	MIT
node/web	@types/katex	0.16.8	runtime	MIT
node/web	@types/mdast	4.0.4	runtime	MIT
node/web	@types/ms	2.1.0	runtime	MIT
node/web	@types/node	22.20.3	dev	MIT
node/web	@types/react	19.3.0	runtime	MIT
node/web	@types/react-dom	19.3.0	dev	MIT
node/web	@types/trusted-types	2.0.7	runtime	MIT
node/web	@types/unist	3.0.3	runtime	MIT
node/web	@types/unist	2.0.11	runtime	MIT
node/web	@typescript-eslint/eslint-plugin	8.69.0	dev	MIT
node/web	@typescript-eslint/parser	8.69.0	dev	MIT
node/web	@typescript-eslint/project-service	8.69.0	dev	MIT
node/web	@typescript-eslint/scope-manager	8.69.0	dev	MIT
node/web	@typescript-eslint/tsconfig-utils	8.69.0	dev	MIT
node/web	@typescript-eslint/type-utils	8.69.0	dev	MIT
node/web	@typescript-eslint/types	8.69.0	dev	MIT
node/web	@typescript-eslint/typescript-estree	8.69.0	dev	MIT
node/web	@typescript-eslint/utils	8.69.0	dev	MIT
node/web	@typescript-eslint/visitor-keys	8.69.0	dev	MIT
node/web	@typescript/native	7.0.2	dev	Apache-2.0
node/web	@typescript/old	6.0.3	dev	Apache-2.0
node/web	@typescript/typescript-win32-x64	7.0.2	dev	Apache-2.0
node/web	@ungap/structured-clone	1.4.0	runtime	ISC
node/web	@unrs/resolver-binding-win32-x64-msvc	1.12.2	dev	MIT
node/web	@vitest/mocker	5.0.1	dev	MIT
node/web	@vitest/spy	5.0.1	dev	MIT
node/web	acorn	8.18.0	dev	MIT
node/web	acorn-jsx	5.3.2	dev	MIT
node/web	agent-base	7.1.4	dev	MIT
node/web	ajv	6.15.0	dev	MIT
node/web	ansi-colors	4.1.3	dev	MIT
node/web	apps/web	0.1.0	runtime	UNKNOWN
node/web	argparse	2.0.1	dev	Python-2.0
node/web	aria-hidden	1.2.6	runtime	MIT
node/web	aria-query	5.3.2	dev	Apache-2.0
node/web	array-buffer-byte-length	1.0.2	dev	MIT
node/web	array-includes	3.1.9	dev	MIT
node/web	array.prototype.findlast	1.2.5	dev	MIT
node/web	array.prototype.findlastindex	1.2.6	dev	MIT
node/web	array.prototype.flat	1.3.3	dev	MIT
node/web	array.prototype.flatmap	1.3.3	dev	MIT
node/web	array.prototype.tosorted	1.1.4	dev	MIT
node/web	arraybuffer.prototype.slice	1.0.4	dev	MIT
node/web	assertion-error	2.0.1	dev	MIT
node/web	ast-types-flow	0.0.8	dev	MIT
node/web	async-function	1.0.0	dev	MIT
node/web	available-typed-arrays	1.0.7	dev	MIT
node/web	axe-core	4.13.0	dev	MPL-2.0
node/web	axobject-query	4.1.0	dev	Apache-2.0
node/web	bail	2.0.2	runtime	MIT
node/web	balanced-match	4.0.4	dev	MIT
node/web	balanced-match	4.0.4	dev	MIT
node/web	balanced-match	1.0.2	dev	MIT
node/web	balanced-match	4.0.4	dev	MIT
node/web	baseline-browser-mapping	2.11.21	runtime	Apache-2.0
node/web	brace-expansion	5.0.12	dev	MIT
node/web	brace-expansion	2.1.7	dev	MIT
node/web	brace-expansion	5.0.9	dev	MIT
node/web	brace-expansion	1.1.18	dev	MIT
node/web	brace-expansion	5.0.12	dev	MIT
node/web	braces	3.0.3	dev	MIT
node/web	browserslist	4.28.9	dev	MIT
node/web	cacheable	2.5.0	dev	MIT
node/web	call-bind	1.0.9	dev	MIT
node/web	call-bind-apply-helpers	1.0.2	dev	MIT
node/web	call-bound	1.0.4	dev	MIT
node/web	caniuse-lite	1.0.30001810	runtime	CC-BY-4.0
node/web	ccount	2.0.1	runtime	MIT
node/web	chai	6.2.2	dev	MIT
node/web	change-case	5.4.4	dev	MIT
node/web	character-entities	2.0.2	runtime	MIT
node/web	character-entities-html4	2.1.0	runtime	MIT
node/web	character-entities-legacy	3.0.0	runtime	MIT
node/web	character-reference-invalid	2.0.1	runtime	MIT
node/web	client-only	0.0.1	runtime	MIT
node/web	clsx	2.1.1	runtime	MIT
node/web	colorette	1.4.0	dev	MIT
node/web	comma-separated-tokens	2.0.3	runtime	MIT
node/web	commander	15.0.0	runtime	MIT
node/web	commander	8.3.0	runtime	MIT
node/web	commander	8.3.0	runtime	MIT
node/web	concat-map	0.0.1	dev	MIT
node/web	convert-source-map	2.0.0	dev	MIT
node/web	country-flag-icons	1.6.20	runtime	MIT
node/web	cross-spawn	7.0.6	dev	MIT
node/web	csstype	3.2.3	runtime	MIT
node/web	damerau-levenshtein	1.0.8	dev	BSD-2-Clause
node/web	data-view-buffer	1.0.2	dev	MIT
node/web	data-view-byte-length	1.0.2	dev	MIT
node/web	data-view-byte-offset	1.0.1	dev	MIT
node/web	debug	4.4.3	runtime	MIT
node/web	debug	3.2.7	dev	MIT
node/web	debug	3.2.7	dev	MIT
node/web	debug	3.2.7	dev	MIT
node/web	decode-named-character-reference	1.3.0	runtime	MIT
node/web	deep-is	0.1.4	dev	MIT
node/web	define-data-property	1.1.4	dev	MIT
node/web	define-properties	1.2.1	dev	MIT
node/web	dequal	2.0.3	runtime	MIT
node/web	detect-libc	2.1.2	runtime	Apache-2.0
node/web	devlop	1.1.0	runtime	MIT
node/web	doctrine	2.1.0	dev	Apache-2.0
node/web	dompurify	3.4.15	runtime	(MPL-2.0 OR Apache-2.0)
node/web	dunder-proto	1.0.1	dev	MIT
node/web	electron-to-chromium	1.5.422	dev	ISC
node/web	emoji-regex	9.2.2	dev	MIT
node/web	enhanced-resolve	5.24.5	dev	MIT
node/web	entities	6.0.1	runtime	BSD-2-Clause
node/web	es-abstract	1.24.2	dev	MIT
node/web	es-abstract-get	1.0.0	dev	MIT
node/web	es-define-property	1.0.1	dev	MIT
node/web	es-errors	1.3.0	dev	MIT
node/web	es-iterator-helpers	1.4.0	dev	MIT
node/web	es-module-lexer	2.3.2	dev	MIT
node/web	es-object-atoms	1.1.2	dev	MIT
node/web	es-set-tostringtag	2.1.0	dev	MIT
node/web	es-shim-unscopables	1.1.0	dev	MIT
node/web	es-to-primitive	1.3.4	dev	MIT
node/web	escalade	3.2.0	dev	MIT
node/web	escape-string-regexp	4.0.0	dev	MIT
node/web	escape-string-regexp	5.0.0	runtime	MIT
node/web	eslint	10.10.0	dev	MIT
node/web	eslint-config-next	16.3.5	dev	MIT
node/web	eslint-import-resolver-node	0.3.10	dev	MIT
node/web	eslint-import-resolver-typescript	3.10.1	dev	ISC
node/web	eslint-module-utils	2.14.0	dev	MIT
node/web	eslint-plugin-import	2.32.0	dev	MIT
node/web	eslint-plugin-jsx-a11y	6.10.2	dev	MIT
node/web	eslint-plugin-react	7.37.5	dev	MIT
node/web	eslint-plugin-react-hooks	7.1.1	dev	MIT
node/web	eslint-scope	9.1.2	dev	BSD-2-Clause
node/web	eslint-visitor-keys	3.4.3	dev	Apache-2.0
node/web	eslint-visitor-keys	3.4.3	dev	Apache-2.0
node/web	eslint-visitor-keys	5.0.1	dev	Apache-2.0
node/web	espree	11.2.0	dev	BSD-2-Clause
node/web	esquery	1.7.0	dev	BSD-3-Clause
node/web	esrecurse	4.3.0	dev	BSD-2-Clause
node/web	estraverse	5.3.0	dev	BSD-2-Clause
node/web	estree-util-is-identifier-name	3.0.0	runtime	MIT
node/web	estree-walker	3.0.3	dev	MIT
node/web	esutils	2.0.3	dev	BSD-2-Clause
node/web	expect-type	1.4.0	dev	Apache-2.0
node/web	extend	3.0.2	runtime	MIT
node/web	fast-deep-equal	3.1.3	dev	MIT
node/web	fast-glob	3.3.1	dev	MIT
node/web	fast-json-stable-stringify	2.1.0	dev	MIT
node/web	fast-levenshtein	2.0.6	dev	MIT
node/web	fastq	1.20.3	dev	ISC
node/web	fdir	6.5.0	dev	MIT
node/web	file-entry-cache	11.1.5	dev	MIT
node/web	fill-range	7.1.1	dev	MIT
node/web	find-up	5.0.0	dev	MIT
node/web	flat-cache	6.1.23	dev	MIT
node/web	flatted	3.4.4	dev	ISC
node/web	for-each	0.3.5	dev	MIT
node/web	fsevents	2.3.3	dev	MIT
node/web	function-bind	1.1.2	dev	MIT
node/web	function.prototype.name	1.2.0	dev	MIT
node/web	functions-have-names	1.2.3	dev	MIT
node/web	generator-function	2.0.1	dev	MIT
node/web	gensync	1.0.0-beta.2	dev	MIT
node/web	get-intrinsic	1.3.0	dev	MIT
node/web	get-proto	1.0.1	dev	MIT
node/web	get-symbol-description	1.1.0	dev	MIT
node/web	get-tsconfig	4.14.3	dev	MIT
node/web	glob-parent	5.1.2	dev	ISC
node/web	glob-parent	6.0.2	dev	ISC
node/web	globals	16.4.0	dev	MIT
node/web	globalthis	1.0.4	dev	MIT
node/web	gopd	1.2.0	dev	MIT
node/web	graceful-fs	4.2.11	dev	ISC
node/web	has-bigints	1.1.0	dev	MIT
node/web	has-property-descriptors	1.0.2	dev	MIT
node/web	has-proto	1.2.0	dev	MIT
node/web	has-symbols	1.1.0	dev	MIT
node/web	has-tostringtag	1.0.2	dev	MIT
node/web	hashery	1.5.1	dev	MIT
node/web	hasown	2.0.4	dev	MIT
node/web	hast-util-from-dom	5.0.1	runtime	ISC
node/web	hast-util-from-html	2.0.3	runtime	MIT
node/web	hast-util-from-html-isomorphic	2.0.0	runtime	MIT
node/web	hast-util-from-parse5	8.0.3	runtime	MIT
node/web	hast-util-is-element	3.0.0	runtime	MIT
node/web	hast-util-parse-selector	4.0.0	runtime	MIT
node/web	hast-util-to-jsx-runtime	2.3.6	runtime	MIT
node/web	hast-util-to-text	4.0.2	runtime	MIT
node/web	hast-util-whitespace	3.0.0	runtime	MIT
node/web	hastscript	9.0.1	runtime	MIT
node/web	hermes-estree	0.25.1	dev	MIT
node/web	hermes-parser	0.25.1	dev	MIT
node/web	hookified	1.15.1	dev	MIT
node/web	hookified	2.2.0	dev	MIT
node/web	html-url-attributes	3.0.1	runtime	MIT
node/web	https-proxy-agent	7.0.6	dev	MIT
node/web	ignore	7.0.8	dev	MIT
node/web	ignore	5.3.2	dev	MIT
node/web	imurmurhash	0.1.4	dev	MIT
node/web	index-to-position	1.2.0	dev	MIT
node/web	inline-style-parser	0.2.7	runtime	MIT
node/web	internal-slot	1.1.0	dev	MIT
node/web	is-alphabetical	2.0.1	runtime	MIT
node/web	is-alphanumerical	2.0.1	runtime	MIT
node/web	is-array-buffer	3.0.5	dev	MIT
node/web	is-async-function	2.1.1	dev	MIT
node/web	is-bigint	1.1.0	dev	MIT
node/web	is-boolean-object	1.2.2	dev	MIT
node/web	is-bun-module	2.0.0	dev	MIT
node/web	is-callable	1.2.7	dev	MIT
node/web	is-core-module	2.16.2	dev	MIT
node/web	is-data-view	1.0.2	dev	MIT
node/web	is-date-object	1.1.0	dev	MIT
node/web	is-decimal	2.0.1	runtime	MIT
node/web	is-document.all	1.0.0	dev	MIT
node/web	is-extglob	2.1.1	dev	MIT
node/web	is-finalizationregistry	1.1.1	dev	MIT
node/web	is-generator-function	1.1.2	dev	MIT
node/web	is-glob	4.0.3	dev	MIT
node/web	is-hexadecimal	2.0.1	runtime	MIT
node/web	is-map	2.0.3	dev	MIT
node/web	is-negative-zero	2.0.3	dev	MIT
node/web	is-number	7.0.0	dev	MIT
node/web	is-number-object	1.1.1	dev	MIT
node/web	is-plain-obj	4.1.0	runtime	MIT
node/web	is-regex	1.2.1	dev	MIT
node/web	is-set	2.0.3	dev	MIT
node/web	is-shared-array-buffer	1.0.4	dev	MIT
node/web	is-string	1.1.1	dev	MIT
node/web	is-symbol	1.1.1	dev	MIT
node/web	is-typed-array	1.1.15	dev	MIT
node/web	is-weakmap	2.0.2	dev	MIT
node/web	is-weakref	1.1.1	dev	MIT
node/web	is-weakset	2.0.4	dev	MIT
node/web	isarray	2.0.5	dev	MIT
node/web	isexe	2.0.0	dev	ISC
node/web	iterator.prototype	1.1.5	dev	MIT
node/web	jiti	2.7.0	dev	MIT
node/web	js-levenshtein	1.1.6	dev	MIT
node/web	js-tokens	4.0.0	dev	MIT
node/web	js-yaml	4.3.2	dev	MIT
node/web	jsesc	3.1.0	dev	MIT
node/web	json-schema-traverse	1.0.0	dev	MIT
node/web	json-schema-traverse	0.4.1	dev	MIT
node/web	json-stable-stringify-without-jsonify	1.0.1	dev	MIT
node/web	json5	2.2.3	dev	MIT
node/web	json5	1.0.2	dev	MIT
node/web	jsx-ast-utils	3.3.5	dev	MIT
node/web	katex	0.18.7	runtime	MIT
node/web	katex	0.16.47	runtime	MIT
node/web	katex	0.16.47	runtime	MIT
node/web	keyv	5.6.0	dev	MIT
node/web	language-subtag-registry	0.3.23	dev	CC0-1.0
node/web	language-tags	1.0.9	dev	MIT
node/web	levn	0.4.1	dev	MIT
node/web	lightningcss	1.32.0	dev	MPL-2.0
node/web	lightningcss	1.33.0	dev	MPL-2.0
node/web	lightningcss-android-arm64	1.32.0	dev	MPL-2.0
node/web	lightningcss-android-arm64	1.33.0	dev	MPL-2.0
node/web	lightningcss-darwin-arm64	1.32.0	dev	MPL-2.0
node/web	lightningcss-darwin-arm64	1.33.0	dev	MPL-2.0
node/web	lightningcss-darwin-x64	1.32.0	dev	MPL-2.0
node/web	lightningcss-darwin-x64	1.33.0	dev	MPL-2.0
node/web	lightningcss-freebsd-x64	1.32.0	dev	MPL-2.0
node/web	lightningcss-freebsd-x64	1.33.0	dev	MPL-2.0
node/web	lightningcss-linux-arm-gnueabihf	1.32.0	dev	MPL-2.0
node/web	lightningcss-linux-arm-gnueabihf	1.33.0	dev	MPL-2.0
node/web	lightningcss-linux-arm64-gnu	1.32.0	dev	MPL-2.0
node/web	lightningcss-linux-arm64-gnu	1.33.0	dev	MPL-2.0
node/web	lightningcss-linux-arm64-musl	1.32.0	dev	MPL-2.0
node/web	lightningcss-linux-arm64-musl	1.33.0	dev	MPL-2.0
node/web	lightningcss-linux-x64-gnu	1.32.0	dev	MPL-2.0
node/web	lightningcss-linux-x64-gnu	1.33.0	dev	MPL-2.0
node/web	lightningcss-linux-x64-musl	1.32.0	dev	MPL-2.0
node/web	lightningcss-linux-x64-musl	1.33.0	dev	MPL-2.0
node/web	lightningcss-win32-arm64-msvc	1.32.0	dev	MPL-2.0
node/web	lightningcss-win32-arm64-msvc	1.33.0	dev	MPL-2.0
node/web	lightningcss-win32-x64-msvc	1.32.0	dev	MPL-2.0
node/web	lightningcss-win32-x64-msvc	1.33.0	dev	MPL-2.0
node/web	locate-path	6.0.0	dev	MIT
node/web	longest-streak	3.1.0	runtime	MIT
node/web	loose-envify	1.4.0	dev	MIT
node/web	lru-cache	5.1.1	dev	ISC
node/web	magic-string	0.30.21	dev	MIT
node/web	magic-string	1.4.2	dev	MIT
node/web	markdown-table	3.0.4	runtime	MIT
node/web	marked	14.0.0	runtime	MIT
node/web	math-intrinsics	1.1.0	dev	MIT
node/web	mdast-util-find-and-replace	3.0.2	runtime	MIT
node/web	mdast-util-from-markdown	2.0.3	runtime	MIT
node/web	mdast-util-gfm	3.1.0	runtime	MIT
node/web	mdast-util-gfm-autolink-literal	2.0.1	runtime	MIT
node/web	mdast-util-gfm-footnote	2.1.0	runtime	MIT
node/web	mdast-util-gfm-strikethrough	2.0.0	runtime	MIT
node/web	mdast-util-gfm-table	2.0.0	runtime	MIT
node/web	mdast-util-gfm-task-list-item	2.0.0	runtime	MIT
node/web	mdast-util-math	3.0.0	runtime	MIT
node/web	mdast-util-mdx-expression	2.0.1	runtime	MIT
node/web	mdast-util-mdx-jsx	3.2.0	runtime	MIT
node/web	mdast-util-mdxjs-esm	2.0.1	runtime	MIT
node/web	mdast-util-phrasing	4.1.0	runtime	MIT
node/web	mdast-util-to-hast	13.2.1	runtime	MIT
node/web	mdast-util-to-markdown	2.1.2	runtime	MIT
node/web	mdast-util-to-string	4.0.0	runtime	MIT
node/web	merge2	1.4.1	dev	MIT
node/web	micromark	4.0.2	runtime	MIT
node/web	micromark-core-commonmark	2.0.3	runtime	MIT
node/web	micromark-extension-gfm	3.0.0	runtime	MIT
node/web	micromark-extension-gfm-autolink-literal	2.1.0	runtime	MIT
node/web	micromark-extension-gfm-footnote	2.1.0	runtime	MIT
node/web	micromark-extension-gfm-strikethrough	2.1.0	runtime	MIT
node/web	micromark-extension-gfm-table	2.1.1	runtime	MIT
node/web	micromark-extension-gfm-tagfilter	2.0.0	runtime	MIT
node/web	micromark-extension-gfm-task-list-item	2.1.0	runtime	MIT
node/web	micromark-extension-math	3.1.0	runtime	MIT
node/web	micromark-factory-destination	2.0.1	runtime	MIT
node/web	micromark-factory-label	2.0.1	runtime	MIT
node/web	micromark-factory-space	2.0.1	runtime	MIT
node/web	micromark-factory-title	2.0.1	runtime	MIT
node/web	micromark-factory-whitespace	2.0.1	runtime	MIT
node/web	micromark-util-character	2.1.1	runtime	MIT
node/web	micromark-util-chunked	2.0.1	runtime	MIT
node/web	micromark-util-classify-character	2.0.1	runtime	MIT
node/web	micromark-util-combine-extensions	2.0.1	runtime	MIT
node/web	micromark-util-decode-numeric-character-reference	2.0.2	runtime	MIT
node/web	micromark-util-decode-string	2.0.1	runtime	MIT
node/web	micromark-util-encode	2.0.1	runtime	MIT
node/web	micromark-util-html-tag-name	2.0.1	runtime	MIT
node/web	micromark-util-normalize-identifier	2.0.1	runtime	MIT
node/web	micromark-util-resolve-all	2.0.1	runtime	MIT
node/web	micromark-util-sanitize-uri	2.0.1	runtime	MIT
node/web	micromark-util-subtokenize	2.1.0	runtime	MIT
node/web	micromark-util-symbol	2.0.1	runtime	MIT
node/web	micromark-util-types	2.0.2	runtime	MIT
node/web	micromatch	4.0.8	dev	MIT
node/web	minimatch	10.2.6	dev	BlueOak-1.0.0
node/web	minimatch	5.1.9	dev	BlueOak-1.0.0
node/web	minimatch	10.2.6	dev	BlueOak-1.0.0
node/web	minimatch	10.2.6	dev	BlueOak-1.0.0
node/web	minimatch	3.1.5	dev	BlueOak-1.0.0
node/web	minimist	1.2.8	dev	MIT
node/web	monaco-editor	0.56.0	runtime	MIT
node/web	ms	2.1.3	runtime	MIT
node/web	nanoid	3.3.19	runtime	MIT
node/web	napi-postinstall	0.3.4	dev	MIT
node/web	natural-compare	1.4.0	dev	MIT
node/web	next	16.3.5	runtime	MIT
node/web	node-exports-info	1.6.2	dev	MIT
node/web	node-releases	2.0.54	dev	MIT
node/web	object-assign	4.1.1	dev	MIT
node/web	object-inspect	1.13.4	dev	MIT
node/web	object-keys	1.1.1	dev	MIT
node/web	object.assign	4.1.7	dev	MIT
node/web	object.entries	1.1.9	dev	MIT
node/web	object.fromentries	2.0.8	dev	MIT
node/web	object.groupby	1.0.3	dev	MIT
node/web	object.values	1.2.1	dev	MIT
node/web	obug	2.2.1	dev	MIT
node/web	openapi-typescript	7.13.0	dev	MIT
node/web	optionator	0.9.4	dev	MIT
node/web	own-keys	1.0.2	dev	MIT
node/web	p-limit	3.1.0	dev	MIT
node/web	p-locate	5.0.0	dev	MIT
node/web	packages/shared	0.1.0	runtime	UNKNOWN
node/web	parse-entities	4.0.2	runtime	MIT
node/web	parse-json	8.3.0	dev	MIT
node/web	parse5	7.3.0	runtime	MIT
node/web	path-exists	4.0.0	dev	MIT
node/web	path-key	3.1.1	dev	MIT
node/web	path-parse	1.0.7	dev	MIT
node/web	picocolors	1.1.1	runtime	ISC
node/web	picomatch	2.3.2	dev	MIT
node/web	picomatch	4.0.7	dev	MIT
node/web	pluralize	8.0.0	dev	MIT
node/web	possible-typed-array-names	1.1.0	dev	MIT
node/web	postcss	8.5.23	runtime	MIT
node/web	postcss	8.5.28	dev	MIT
node/web	prelude-ls	1.2.1	dev	MIT
node/web	prop-types	15.8.1	dev	MIT
node/web	property-information	7.2.0	runtime	MIT
node/web	punycode	2.3.1	dev	MIT
node/web	qified	0.10.1	dev	MIT
node/web	queue-microtask	1.2.3	dev	MIT
node/web	rankwant-web	?	runtime	UNKNOWN
node/web	react	19.3.0	runtime	MIT
node/web	react-aria	3.52.1	runtime	Apache-2.0
node/web	react-dom	19.3.0	runtime	MIT
node/web	react-is	16.13.1	dev	MIT
node/web	react-markdown	10.1.0	runtime	MIT
node/web	react-stately	3.50.0	runtime	Apache-2.0
node/web	reflect.getprototypeof	1.0.10	dev	MIT
node/web	regexp.prototype.flags	1.5.4	dev	MIT
node/web	rehype-katex	7.0.1	runtime	MIT
node/web	remark-gfm	4.0.1	runtime	MIT
node/web	remark-math	6.0.0	runtime	MIT
node/web	remark-parse	11.0.0	runtime	MIT
node/web	remark-rehype	11.1.2	runtime	MIT
node/web	remark-stringify	11.0.0	runtime	MIT
node/web	require-from-string	2.0.2	dev	MIT
node/web	resolve	2.0.0-next.7	dev	MIT
node/web	resolve-pkg-maps	1.0.0	dev	MIT
node/web	reusify	1.1.0	dev	MIT
node/web	rolldown	1.2.10	dev	MIT
node/web	run-parallel	1.2.0	dev	MIT
node/web	safe-array-concat	1.1.4	dev	MIT
node/web	safe-push-apply	1.0.0	dev	MIT
node/web	safe-regex-test	1.1.0	dev	MIT
node/web	scheduler	0.28.0	runtime	MIT
node/web	semver	6.3.1	dev	ISC
node/web	semver	6.3.1	dev	ISC
node/web	semver	6.3.1	dev	ISC
node/web	semver	6.3.1	dev	ISC
node/web	semver	7.8.5	runtime	ISC
node/web	server-only	0.0.1	runtime	MIT
node/web	set-function-length	1.2.2	dev	MIT
node/web	set-function-name	2.0.2	dev	MIT
node/web	set-proto	1.0.0	dev	MIT
node/web	sharp	0.35.4	runtime	Apache-2.0
node/web	shebang-command	2.0.0	dev	MIT
node/web	shebang-regex	3.0.0	dev	MIT
node/web	side-channel	1.1.1	dev	MIT
node/web	side-channel-list	1.0.1	dev	MIT
node/web	side-channel-map	1.0.1	dev	MIT
node/web	side-channel-weakmap	1.0.2	dev	MIT
node/web	siginfo	2.0.0	dev	ISC
node/web	simple-icons	16.31.0	runtime	CC0-1.0
node/web	source-map-js	1.2.1	runtime	BSD-3-Clause
node/web	space-separated-tokens	2.0.2	runtime	MIT
node/web	stable-hash	0.0.5	dev	MIT
node/web	stackback	0.0.2	dev	MIT
node/web	state-local	1.0.7	runtime	MIT
node/web	std-env	4.2.0	dev	MIT
node/web	stop-iteration-iterator	1.1.0	dev	MIT
node/web	string.prototype.includes	2.0.1	dev	MIT
node/web	string.prototype.matchall	4.1.0	dev	MIT
node/web	string.prototype.repeat	1.0.0	dev	MIT
node/web	string.prototype.trim	1.2.11	dev	MIT
node/web	string.prototype.trimend	1.0.10	dev	MIT
node/web	string.prototype.trimstart	1.0.8	dev	MIT
node/web	stringify-entities	4.0.4	runtime	MIT
node/web	strip-bom	3.0.0	dev	MIT
node/web	style-to-js	1.1.21	runtime	MIT
node/web	style-to-object	1.0.14	runtime	MIT
node/web	styled-jsx	5.1.6	runtime	MIT
node/web	supports-color	10.2.2	dev	MIT
node/web	supports-preserve-symlinks-flag	1.0.0	dev	MIT
node/web	tabbable	6.5.0	runtime	MIT
node/web	tailwindcss	4.3.3	dev	MIT
node/web	tapable	2.3.3	dev	MIT
node/web	tinybench	6.1.4	dev	MIT
node/web	tinyexec	1.3.0	dev	MIT
node/web	tinyglobby	0.2.17	dev	MIT
node/web	to-regex-range	5.0.1	dev	MIT
node/web	trim-lines	3.0.1	runtime	MIT
node/web	trough	2.2.0	runtime	MIT
node/web	ts-api-utils	2.5.0	dev	MIT
node/web	tsconfig-paths	3.15.0	dev	MIT
node/web	tslib	2.8.1	runtime	0BSD
node/web	type-check	0.4.0	dev	MIT
node/web	type-fest	4.41.0	dev	(MIT OR CC0-1.0)
node/web	typed-array-buffer	1.0.3	dev	MIT
node/web	typed-array-byte-length	1.0.3	dev	MIT
node/web	typed-array-byte-offset	1.0.4	dev	MIT
node/web	typed-array-length	1.0.8	dev	MIT
node/web	typescript	6.0.2	dev	Apache-2.0
node/web	typescript	5.9.3	dev	Apache-2.0
node/web	typescript-eslint	8.69.0	dev	MIT
node/web	unbox-primitive	1.1.0	dev	MIT
node/web	undici-types	6.21.0	dev	MIT
node/web	unified	11.0.5	runtime	MIT
node/web	unist-util-find-after	5.0.0	runtime	MIT
node/web	unist-util-is	6.0.1	runtime	MIT
node/web	unist-util-position	5.0.0	runtime	MIT
node/web	unist-util-remove-position	5.0.0	runtime	MIT
node/web	unist-util-stringify-position	4.0.0	runtime	MIT
node/web	unist-util-visit	5.1.0	runtime	MIT
node/web	unist-util-visit-parents	6.0.2	runtime	MIT
node/web	unrs-resolver	1.12.2	dev	MIT
node/web	update-browserslist-db	1.3.2	dev	MIT
node/web	uri-js	4.4.1	dev	BSD-2-Clause
node/web	uri-js-replace	1.0.1	dev	MIT
node/web	use-sync-external-store	1.7.0	runtime	MIT
node/web	vfile	6.0.3	runtime	MIT
node/web	vfile-location	5.0.3	runtime	MIT
node/web	vfile-message	4.0.3	runtime	MIT
node/web	vite	8.3.0	dev	MIT
node/web	vitest	5.0.1	dev	MIT
node/web	web-namespaces	2.0.1	runtime	MIT
node/web	which	2.0.2	dev	ISC
node/web	which-boxed-primitive	1.1.1	dev	MIT
node/web	which-builtin-type	1.2.1	dev	MIT
node/web	which-collection	1.0.2	dev	MIT
node/web	which-typed-array	1.1.22	dev	MIT
node/web	why-is-node-running	2.3.0	dev	MIT
node/web	word-wrap	1.2.5	dev	MIT
node/web	yallist	3.1.1	dev	ISC
node/web	yaml-ast-parser	0.0.43	dev	Apache-2.0
node/web	yargs-parser	21.1.1	dev	ISC
node/web	yocto-queue	0.1.0	dev	MIT
node/web	zod	4.6.5	runtime	MIT
node/web	zod-validation-error	4.0.2	dev	MIT
node/web	zwitch	2.0.4	runtime	MIT
python/api	amqp	5.3.1	runtime	BSD
python/api	asgiref	3.12.1	runtime	BSD-3-Clause
python/api	attrs	26.1.0	runtime	MIT
python/api	billiard	4.2.4	runtime	BSD
python/api	boto3	1.43.98	runtime	Apache-2.0
python/api	botocore	1.43.98	runtime	Apache-2.0
python/api	celery	5.6.3	runtime	BSD-3-Clause
python/api	click	8.5.0	runtime	BSD-3-Clause
python/api	click-didyoumean	0.3.1	runtime	MIT
python/api	click-plugins	1.1.1.2	runtime	New BSD
python/api	click-repl	0.3.0	runtime	MIT
python/api	defusedxml	0.7.1	runtime	PSFL
python/api	django	5.2.17	runtime	BSD-3-Clause
python/api	django-cors-headers	4.9.0	runtime	MIT
python/api	django-filter	26.1	runtime	BSD License
python/api	djangorestframework	3.18.1	runtime	BSD-3-Clause
python/api	drf-spectacular	0.30.0	runtime	BSD-3-Clause
python/api	fonttools	4.65.0	runtime	MIT
python/api	fpdf2	2.8.8	runtime	LGPL-3.0-only
python/api	gunicorn	26.2.0	runtime	MIT
python/api	inflection	0.5.1	runtime	MIT
python/api	jmespath	1.1.0	runtime	MIT
python/api	jsonschema	4.26.0	runtime	MIT
python/api	jsonschema-specifications	2025.9.1	runtime	MIT
python/api	kombu	5.6.2	runtime	BSD-3-Clause
python/api	packaging	26.3	runtime	Apache-2.0 OR BSD-2-Clause
python/api	pillow	12.3.0	runtime	MIT-CMU
python/api	prompt-toolkit	3.0.53	runtime	BSD License
python/api	psycopg	3.3.5	runtime	LGPL-3.0-only
python/api	psycopg-binary	3.3.5	runtime	LGPL-3.0-only
python/api	python-dateutil	2.9.0.post0	runtime	Dual License
python/api	pyyaml	6.0.3	runtime	MIT
python/api	redis	8.1.0	runtime	MIT
python/api	referencing	0.37.0	runtime	MIT
python/api	rpds-py	2026.6.3	runtime	MIT
python/api	s3transfer	0.19.2	runtime	Apache License 2.0
python/api	segno	1.6.6	runtime	BSD License
python/api	six	1.17.0	runtime	MIT
python/api	sqlparse	0.6.0	runtime	BSD License
python/api	typing-extensions	4.16.0	runtime	PSF-2.0
python/api	tzdata	2026.3	runtime	Apache-2.0
python/api	tzlocal	5.4.4	runtime	MIT
python/api	uritemplate	4.2.0	runtime	BSD 3-Clause OR Apache-2.0
python/api	urllib3	2.7.0	runtime	MIT
python/api	vine	5.1.0	runtime	BSD
python/api	wcwidth	0.8.3	runtime	MIT
python/api	whitenoise	6.12.0	runtime	MIT License
python/api-dev	amqp	5.3.1	dev	BSD
python/api-dev	asgiref	3.12.1	dev	BSD-3-Clause
python/api-dev	ast-serialize	0.11.2	dev	MIT
python/api-dev	attrs	26.1.0	dev	MIT
python/api-dev	billiard	4.2.4	dev	BSD
python/api-dev	boolean-py	5.0	dev	BSD-2-Clause
python/api-dev	boto3	1.43.98	dev	Apache-2.0
python/api-dev	botocore	1.43.98	dev	Apache-2.0
python/api-dev	cachecontrol	0.14.4	dev	Apache-2.0
python/api-dev	celery	5.6.3	dev	BSD-3-Clause
python/api-dev	certifi	2026.7.22	dev	MPL-2.0
python/api-dev	charset-normalizer	3.5.1	dev	MIT
python/api-dev	click	8.5.0	dev	BSD-3-Clause
python/api-dev	click-didyoumean	0.3.1	dev	MIT
python/api-dev	click-plugins	1.1.1.2	dev	New BSD
python/api-dev	click-repl	0.3.0	dev	MIT
python/api-dev	colorama	0.4.6	dev	UNKNOWN
python/api-dev	coverage	7.16.1	dev	Apache-2.0
python/api-dev	cyclonedx-python-lib	11.12.0	dev	Apache-2.0
python/api-dev	defusedxml	0.7.1	dev	PSFL
python/api-dev	django	5.2.17	dev	BSD-3-Clause
python/api-dev	django-cors-headers	4.9.0	dev	MIT
python/api-dev	django-filter	26.1	dev	BSD License
python/api-dev	django-stubs	6.1.1	dev	MIT
python/api-dev	django-stubs-ext	6.1.1	dev	MIT
python/api-dev	djangorestframework	3.18.1	dev	BSD-3-Clause
python/api-dev	djangorestframework-stubs	3.18.1	dev	MIT
python/api-dev	drf-spectacular	0.30.0	dev	BSD-3-Clause
python/api-dev	execnet	2.1.2	dev	MIT
python/api-dev	factory-boy	3.3.3	dev	MIT
python/api-dev	faker	40.38.0	dev	MIT License
python/api-dev	filelock	3.32.6	dev	MIT
python/api-dev	fonttools	4.65.0	dev	MIT
python/api-dev	fpdf2	2.8.8	dev	LGPL-3.0-only
python/api-dev	gunicorn	26.2.0	dev	MIT
python/api-dev	hypothesis	6.168.0	dev	MPL-2.0
python/api-dev	idna	3.19	dev	BSD-3-Clause
python/api-dev	inflection	0.5.1	dev	MIT
python/api-dev	iniconfig	2.3.0	dev	MIT
python/api-dev	jmespath	1.1.0	dev	MIT
python/api-dev	jsonschema	4.26.0	dev	MIT
python/api-dev	jsonschema-specifications	2025.9.1	dev	MIT
python/api-dev	kombu	5.6.2	dev	BSD-3-Clause
python/api-dev	librt	0.15.0	dev	MIT
python/api-dev	license-expression	30.4.4	dev	Apache-2.0
python/api-dev	markdown-it-py	4.2.0	dev	MIT License
python/api-dev	mdurl	0.1.2	dev	MIT License
python/api-dev	msgpack	1.2.2	dev	Apache-2.0
python/api-dev	mypy	2.3.1	dev	MIT
python/api-dev	mypy-extensions	1.1.0	dev	MIT
python/api-dev	packageurl-python	0.17.6	dev	MIT
python/api-dev	packaging	26.3	dev	Apache-2.0 OR BSD-2-Clause
python/api-dev	pathspec	1.1.1	dev	Mozilla Public License 2.0 (MPL 2.0)
python/api-dev	pillow	12.3.0	dev	MIT-CMU
python/api-dev	pip	26.2.1	dev	MIT
python/api-dev	pip-api	0.0.35	dev	Apache Software License
python/api-dev	pip-audit	2.10.1	dev	Apache Software License
python/api-dev	pip-requirements-parser	32.0.1	dev	MIT
python/api-dev	platformdirs	4.11.8	dev	MIT
python/api-dev	pluggy	1.6.0	dev	MIT
python/api-dev	prompt-toolkit	3.0.53	dev	BSD License
python/api-dev	psycopg	3.3.5	dev	LGPL-3.0-only
python/api-dev	psycopg-binary	3.3.5	dev	LGPL-3.0-only
python/api-dev	py-serializable	2.1.0	dev	Apache-2.0
python/api-dev	pygments	2.21.0	dev	BSD-2-Clause
python/api-dev	pyparsing	3.3.2	dev	MIT
python/api-dev	pytest	9.1.1	dev	MIT
python/api-dev	pytest-cov	7.1.0	dev	MIT
python/api-dev	pytest-django	4.14.0	dev	pytest-django is released under the BSD (3-clause) license
python/api-dev	pytest-xdist	3.8.0	dev	MIT
python/api-dev	python-dateutil	2.9.0.post0	dev	Dual License
python/api-dev	pyyaml	6.0.3	dev	MIT
python/api-dev	redis	8.1.0	dev	MIT
python/api-dev	referencing	0.37.0	dev	MIT
python/api-dev	requests	2.34.2	dev	Apache-2.0
python/api-dev	rich	15.0.0	dev	MIT
python/api-dev	rpds-py	2026.6.3	dev	MIT
python/api-dev	ruff	0.16.6	dev	MIT
python/api-dev	s3transfer	0.19.2	dev	Apache License 2.0
python/api-dev	segno	1.6.6	dev	BSD License
python/api-dev	six	1.17.0	dev	MIT
python/api-dev	sortedcontainers	2.4.0	dev	Apache 2.0
python/api-dev	sqlparse	0.6.0	dev	BSD License
python/api-dev	tomli	2.4.1	dev	MIT
python/api-dev	tomli-w	1.2.0	dev	MIT License
python/api-dev	types-pyyaml	6.0.12.20260906	dev	Apache-2.0
python/api-dev	typing-extensions	4.16.0	dev	PSF-2.0
python/api-dev	tzdata	2026.4	dev	Apache-2.0
python/api-dev	tzlocal	5.4.4	dev	MIT
python/api-dev	uritemplate	4.2.0	dev	BSD 3-Clause OR Apache-2.0
python/api-dev	urllib3	2.7.0	dev	MIT
python/api-dev	vine	5.1.0	dev	BSD
python/api-dev	wcwidth	0.8.3	dev	MIT
python/api-dev	whitenoise	6.12.0	dev	MIT License
python/judge-py	ast-serialize	0.11.0	runtime	MIT
python/judge-py	colorama	0.4.6	runtime	UNKNOWN
python/judge-py	iniconfig	2.3.0	runtime	MIT
python/judge-py	librt	0.15.0	runtime	MIT
python/judge-py	mypy	2.3.1	runtime	MIT
python/judge-py	mypy-extensions	1.1.0	runtime	MIT
python/judge-py	packaging	26.3	runtime	Apache-2.0 OR BSD-2-Clause
python/judge-py	pathspec	1.1.1	runtime	Mozilla Public License 2.0 (MPL 2.0)
python/judge-py	pluggy	1.6.0	runtime	MIT
python/judge-py	pygments	2.21.0	runtime	BSD-2-Clause
python/judge-py	pytest	9.1.1	runtime	MIT
python/judge-py	redis	8.1.0	runtime	MIT
python/judge-py	ruff	0.16.6	runtime	MIT
python/judge-py	typing-extensions	4.16.0	runtime	PSF-2.0
